pathway	freq	padj	NES	stability	overlap	Lead_genes
KEGG_ALPHA_LINOLENIC_ACID_METABOLISM	1	0.24882714660605157	-1.3507341827611963	1.0	23.38	['PLA2G3', 'PLA2G2A', 'PLA2G4A', 'FADS2', 'PLA2G6', 'PLA2G2D', 'PLA2G10']
KEGG_CITRATE_CYCLE_TCA_CYCLE	1	0.2487828290170769	-1.35611153300719	1.0	13.5	['PDHB', 'DLAT', 'IDH2', 'SUCLG2', 'DLST', 'MDH2', 'SUCLG2P2', 'SDHC', 'IDH1', 'FH']
KEGG_ENDOMETRIAL_CANCER	1	0.24323402449446768	1.4520457901638137	1.0	35.19	['BRAF', 'NRAS', 'PIK3R1', 'ERBB2', 'PIK3CD', 'LEF1', 'FOXO3', 'EGFR', 'PDPK1', 'CASP9', 'TCF7', 'CTNNA1', 'PIK3CB', 'MAPK1', 'AKT2', 'RAF1', 'TP53', 'AXIN1', 'ARAF', 'ELK1', 'MLH1', 'CDH1', 'GSK3B', 'CTNNB1', 'PIK3R2', 'MAP2K1']
KEGG_PATHOGENIC_ESCHERICHIA_COLI_INFECTION	1	0.236128948703282	-1.3786827316446997	1.0	52.0	['TUBB2B', 'LY96', 'WAS', 'ARPC5', 'TUBA3D', 'ARPC5L', 'CD14', 'TUBB3', 'ROCK1', 'TUBA1A', 'TUBA1C', 'CDC42', 'ROCK2', 'HCLS1', 'TUBAL3', 'TUBB2A', 'TUBA4A', 'ARPC2', 'TUBA8', 'ARPC1B', 'FYN', 'PRKCA', 'TLR4', 'NCK1', 'ABL1', 'YWHAZ', 'ARPC4', 'TUBB4B', 'ACTB', 'ARPC3', 'TUBB', 'TUBA3C', 'TUBB8', 'TUBA3E', 'ITGB1', 'TUBB1', 'ARPC1A']
KEGG_GAP_JUNCTION	1	0.21847715229286507	-1.4040526007842091	1.0	34.29	['TUBB2B', 'TUBA3D', 'PRKG1', 'TUBB3', 'GJA1', 'PDGFRB', 'PRKACB', 'GNAQ', 'SOS1', 'MAPK3', 'ADCY4', 'MAP2K2', 'CDK1', 'TUBB2A', 'HTR2B', 'PRKCB', 'TUBA4A', 'TUBA8', 'GNAI2', 'GUCY1A2', 'GNAI1', 'PRKCA', 'ADCY2', 'ADCY5', 'TUBB4B', 'TUBB', 'TUBA3C', 'PDGFRA', 'TUBB8', 'ADRB1', 'TUBA3E', 'HRAS', 'LPAR1', 'PRKG2', 'TJP1', 'ADCY7', 'TUBB1']
KEGG_FOCAL_ADHESION	1	0.21527081414342095	-1.4177612271915159	1.0	9.14	['PIK3R5', 'VCL', 'FLNC', 'COL1A2', 'CCND2', 'SHC3', 'PDGFRB', 'COL6A2', 'COL6A1', 'LAMA2', 'VEGFC', 'HGF', 'COL1A1', 'ITGA11', 'COL5A2', 'COL5A1', 'VEGFD', 'PRKCB', 'RAPGEF1', 'LAMB1', 'FLT4', 'ITGA8', 'MET', 'PRKCA', 'MYL9', 'PARVG', 'COL3A1', 'IGF1', 'PDGFRA', 'COL6A3', 'FN1', 'THBS2', 'COL6A6', 'COMP']
KEGG_PRIMARY_IMMUNODEFICIENCY	1	0.21452237823370063	-1.4237520724173185	1.0	8.77	['PTPRC', 'ICOS', 'CIITA', 'BTK', 'CD40LG', 'IL2RG', 'CD40', 'CD19', 'CD4']
KEGG_TGF_BETA_SIGNALING_PATHWAY	1	0.21082698279332215	-1.4173525620041583	1.0	68.09	['ACVR2B', 'SMAD6', 'FST', 'SMAD5', 'LEFTY2', 'SMAD2', 'E2F4', 'ROCK1', 'ZFYVE9', 'TGFB3', 'RBL2', 'THBS1', 'LTBP1', 'RBL1', 'ROCK2', 'TNF', 'ID4', 'BMP8B', 'MAPK3', 'SMAD9', 'RHOA', 'PPP2CB', 'BMPR1B', 'BMP7', 'CHRD', 'BMP6', 'TGFB2', 'ZFYVE16', 'ID2', 'SMAD7', 'ID3', 'ACVRL1', 'GDF5', 'DCN', 'CDKN2B', 'THBS3', 'LEFTY1', 'E2F5', 'TGFB1', 'MYC', 'INHBA', 'SMURF1', 'THBS4', 'SMAD3', 'AMH', 'TGFBR1', 'RBX1', 'BMP4', 'IFNG', 'THBS2', 'TGFBR2', 'INHBB', 'ID1', 'BMPR1A', 'ACVR1C', 'BMP5', 'SMURF2', 'BMPR2', 'ACVR1', 'COMP', 'BMP2', 'RPS6KB1', 'BMP8A']
KEGG_HEDGEHOG_SIGNALING_PATHWAY	1	0.20710069314249596	1.4968239288614025	1.0	38.73	['CSNK1G3', 'SMO', 'STK36', 'SUFU', 'CSNK1A1', 'BTRC', 'CSNK1G1', 'BMP8B', 'CSNK1E', 'PTCH2', 'CSNK1A1L', 'WNT5B', 'WNT2B', 'WNT10A', 'WNT7B', 'GLI3', 'PTCH1', 'GSK3B', 'CSNK1D', 'CSNK1G2', 'LRP2', 'PRKX', 'GLI2', 'WNT4', 'WNT6', 'BMP8A']
KEGG_INOSITOL_PHOSPHATE_METABOLISM	1	0.20492163311657008	1.506953282628796	1.0	74.72	['PIP4K2A', 'PIK3C3', 'INPP4B', 'IMPA1', 'MINPP1', 'PIK3CA', 'PIK3CD', 'PIP4K2C', 'SYNJ1', 'PLCD1', 'SYNJ2', 'INPP5K', 'INPP1', 'PIP4K2B', 'ALDH6A1', 'PLCB3', 'ITPKB', 'INPP5E', 'ITPKA', 'PTEN', 'PIK3CB', 'PI4KB', 'IPPK', 'OCRL', 'PIP5K1A', 'PI4KA', 'PIK3C2G', 'CDIPT', 'PLCD3', 'PLCB1', 'PIK3C2A', 'IPMK', 'PLCB4', 'PLCB2', 'PIP5K1C', 'INPP5J', 'PLCD4', 'ISYNA1', 'ITPK1', 'PLCG1', 'PIK3CG', 'PIP5K1B', 'INPP4A', 'INPP5B', 'PLCG2', 'INPPL1', 'PIKFYVE', 'IMPA2']
KEGG_PPAR_SIGNALING_PATHWAY	1	0.17760665680952328	-1.4727129742347935	1.0	55.49	['AQP7', 'PCK2', 'ADIPOQ', 'FABP6', 'FABP5', 'FABP3', 'PLTP', 'NR1H3', 'ACADL', 'CPT1C', 'SLC27A4', 'SLC27A1', 'FABP4', 'APOA1', 'ANGPTL4', 'UBC', 'PCK1', 'DBI', 'CYP27A1', 'ACSL4', 'ACAA1', 'ME1', 'MMP1', 'ACSL5', 'ACOX2', 'UCP1', 'ILK', 'FADS2', 'LPL', 'CD36', 'CPT1B', 'PPARG', 'SCD', 'HMGCS2', 'ACSL1', 'EHHADH', 'SLC27A2', 'OLR1', 'SCP2', 'ACOX1', 'PLIN1']
KEGG_ARRHYTHMOGENIC_RIGHT_VENTRICULAR_CARDIOMYOPATHY_ARVC	1	0.17748824994146015	1.5468173805163996	1.0	31.65	['ITGA10', 'ACTN4', 'ITGB6', 'LEF1', 'CACNG4', 'ITGB4', 'ITGA2', 'ITGA6', 'CACNA1C', 'ITGA4', 'TCF7', 'CACNB3', 'CTNNA1', 'CACNA2D2', 'ACTN1', 'JUP', 'CACNA1D', 'EMD', 'CACNA2D1', 'DAG1', 'ITGA9', 'CTNNB1', 'DSG2', 'PKP2', 'ITGB8', 'DSP', 'SGCG', 'ACTG1', 'DSC2', 'ITGA3']
KEGG_TRYPTOPHAN_METABOLISM	1	0.1691888889530303	-1.4893664749247335	1.0	58.47	['AFMID', 'ACAT2', 'ALDH1B1', 'KYNU', 'MAOA', 'HADHA', 'GCDH', 'ALDH3A2', 'MAOB', 'ACMSD', 'WARS2', 'TDO2', 'CYP1B1', 'AOX1', 'KMO', 'IL4I1', 'AOC1', 'TPH1', 'IDO1', 'AADAT', 'INMT', 'EHHADH', 'ALDH9A1', 'ALDH2', 'ECHS1']
KEGG_PROSTATE_CANCER	1	0.1537876434226455	1.585092330012466	1.0	21.39	['HSP90AB1', 'BRAF', 'PIK3R1', 'MTOR', 'ERBB2', 'RELA', 'PIK3CD', 'LEF1', 'HSP90AA1', 'CDK2', 'EGFR', 'PDPK1', 'CASP9', 'TCF7', 'EP300', 'IGF1R', 'MAPK1', 'NFKB1', 'IKBKB', 'CREB3L4', 'TP53', 'CREB1', 'FGFR2', 'CTNNB1', 'NKX3-1', 'CREBBP', 'PDGFA', 'PIK3R2', 'TGFA', 'MAP2K1']
KEGG_GLYCOLYSIS_GLUCONEOGENESIS	1	0.15276388030200477	-1.5180251900678905	1.0	70.97	['ALDH3B1', 'PDHA1', 'ADH1B', 'ALDH1B1', 'LDHC', 'PGAM4', 'ENO3', 'PCK2', 'ADH1C', 'PGAM1', 'ENO1', 'ENO2', 'LDHA', 'DLAT', 'ALDOC', 'ALDH3A2', 'PKM', 'LDHB', 'GPI', 'TPI1', 'ACSS2', 'PGAM2', 'PCK1', 'BPGM', 'ALDOA', 'FBP1', 'HK3', 'PDHB', 'PFKM', 'PFKL', 'GAPDH', 'HK2', 'ALDH3A1', 'ADH1A', 'ADH5', 'PFKP', 'ALDH3B2', 'AKR1A1', 'HK1', 'ALDH9A1', 'ALDH1A3', 'ALDH2', 'GALM', 'PGK1']
KEGG_PYRUVATE_METABOLISM	1	0.13759052203287392	-1.5505520040308105	1.0	49.38	['PDHA1', 'ACAT2', 'ALDH1B1', 'LDHC', 'GLO1', 'ME2', 'PCK2', 'ACACB', 'LDHA', 'ACACA', 'DLAT', 'ALDH3A2', 'PKM', 'LDHB', 'MDH2', 'GRHPR', 'ACSS2', 'LDHD', 'PCK1', 'PDHB', 'ME1', 'AKR1B1', 'ACYP2', 'PC', 'ME3']
KEGG_CHEMOKINE_SIGNALING_PATHWAY	1	0.13637891943902283	-1.557734987099438	1.0	59.25	['CCL24', 'CXCL11', 'GNB2', 'CCL7', 'DOCK2', 'SHC3', 'CDC42', 'GNG4', 'CCR6', 'PLCB3', 'FGR', 'CXCL1', 'PRKCD', 'GRK2', 'XCL2', 'VAV1', 'CCL8', 'CCR1', 'GRK4', 'CCL3', 'CXCL8', 'SHC1', 'GNAI1', 'PRKACA', 'CCR5', 'STAT2', 'GNG2', 'IKBKG', 'CXCR1', 'CCL5', 'NFKBIB', 'CCR7', 'BCAR1', 'JAK2', 'PIK3CA', 'GNGT2', 'ROCK1', 'ELMO1', 'PRKACB', 'CCL17', 'GNG5', 'NFKBIA', 'CHUK', 'RAP1A', 'ARRB1', 'CCL2', 'CCL11', 'CCL22', 'ADCY1', 'ADCY3', 'ADCY2', 'GNG11', 'ADCY5', 'CXCL2', 'CXCL10', 'CCR4', 'CCR10', 'CCL26', 'CXCL13', 'GRB2', 'ADCY7', 'CCL19', 'CXCL14', 'GNG12', 'CXCL12', 'PIK3R5', 'XCL1', 'CCL18', 'CXCR5', 'RAP1B', 'RAC2', 'GRK5', 'CCL4', 'CCL13', 'SOS1', 'PIK3R3', 'MAPK3', 'CCL20', 'CCR2', 'PRKCB', 'ITK', 'GNB1', 'SHC2', 'CCL14', 'GNB4', 'AKT3', 'CXCL5', 'PIK3CG', 'XCR1', 'STAT1', 'RHOA', 'CXCL9', 'CCL21', 'CCR8', 'WAS', 'ARRB2', 'GNG8', 'GNGT1', 'ROCK2', 'HCK', 'ADCY4', 'GRK3', 'CCL23', 'CCL3L3', 'GNG13', 'RASGRP2', 'GNAI2', 'SOS2', 'STAT5B', 'CCL4L2', 'ADCY9', 'CXCR3', 'PLCB2', 'RAC1', 'CXCR4', 'HRAS', 'PXN', 'AKT1', 'NCF1']
KEGG_FOLATE_BIOSYNTHESIS	1	0.13428677548482643	-1.5503645942711528	1.0	54.61	['DHFR', 'QDPR', 'ALPL', 'GCH1', 'SPR', 'FPGS', 'PTS', 'GGH']
KEGG_LINOLEIC_ACID_METABOLISM	1	0.1294519742593368	-1.5750881199424123	1.0	40.21	['ALOX15', 'PLA2G3', 'CYP2C8', 'PLA2G5', 'PLA2G2A', 'PLA2G4A', 'AKR1B10', 'CYP2E1', 'PLA2G6', 'PLA2G2D', 'PLA2G10']
KEGG_WNT_SIGNALING_PATHWAY	1	0.12797712984122248	1.6289860202160422	1.0	53.42	['CSNK2A2', 'NLK', 'PLCB3', 'SMAD4', 'CSNK1A1L', 'WNT5B', 'EP300', 'CSNK2B', 'WIF1', 'CCND1', 'WNT2B', 'WNT10A', 'CHP1', 'WNT7B', 'PPP2R1B', 'PRKACA', 'SFRP1', 'CTNNB1', 'PPP3CB', 'PSEN1', 'SIAH1', 'NKD2', 'CSNK1A1', 'CHD8', 'BTRC', 'ROCK1', 'VANGL2', 'LRP6', 'CTBP1', 'TCF7', 'TCF7L2', 'RUVBL1', 'TBL1X', 'TP53', 'CSNK2A1', 'FZD6', 'MAP3K7', 'FZD9', 'PLCB4', 'FZD1', 'PPP2R5B', 'PPP2CA', 'SMAD2', 'LEF1', 'SENP2', 'SFRP2', 'CCND3', 'PPP2R5C', 'PPP2R5E', 'CSNK1E', 'CUL1', 'MAPK8', 'PPP2R5A', 'WNT3', 'AXIN1', 'DVL2', 'PPP3CA', 'WNT4', 'NFAT5', 'RHOA', 'WNT6', 'CXXC4', 'PORCN', 'PPP3R1', 'MAPK9', 'NFATC2', 'FZD3', 'MMP7', 'PPP2CB', 'PPP2R1A', 'PPP2R5D', 'SKP1', 'CTBP2', 'FRAT1', 'PLCB1', 'DVL3', 'PPARD', 'GSK3B', 'PLCB2', 'NFATC3', 'PRKX', 'CREBBP', 'PRICKLE1', 'FBXW11', 'CTNNBIP1', 'DAAM1', 'FZD7']
KEGG_N_GLYCAN_BIOSYNTHESIS	1	0.12298959098490886	1.6609702212006379	1.0	46.92	['RPN1', 'RFT1', 'DOLPP1', 'MAN2A2', 'DPM1', 'ALG1', 'FUT8', 'ALG13', 'ALG10', 'STT3B', 'ALG10B', 'MGAT4B', 'STT3A', 'ALG12', 'ALG6', 'RPN2', 'ALG11', 'MAN1A1', 'TUSC3', 'MGAT4A', 'DPM2', 'MOGS', 'GANAB', 'MGAT5', 'ST6GAL1', 'ALG2', 'B4GALT3', 'MAN1B1', 'ALG9', 'B4GALT1', 'DDOST']
KEGG_BASAL_CELL_CARCINOMA	1	0.12233107999528621	1.6532129271314306	1.0	30.95	['SMO', 'SUFU', 'LEF1', 'FZD3', 'PTCH2', 'TCF7', 'WNT5B', 'WNT6', 'WNT2B', 'TP53', 'AXIN1', 'GLI3', 'FZD6', 'DVL2', 'FZD9', 'DVL3', 'PTCH1', 'GSK3B', 'CTNNB1', 'FZD1', 'WNT4', 'STK36', 'FZD7']
KEGG_OLFACTORY_TRANSDUCTION	1	0.12064898467436862	-1.5939751395308943	1.0	64.89	['CALML5', 'GUCY2D', 'ARRB2', 'PRKG1', 'CALM1', 'PRKACB', 'CALML3', 'OR2A4', 'OR51E1', 'GRK3', 'CAMK2B', 'OR2B6', 'CLCA2', 'GUCA1B', 'CAMK2G', 'CALML6', 'ADCY3', 'PRKACA', 'CAMK2D', 'OR2W3', 'CALM2', 'CLCA4', 'PRKG2', 'OR2A7', 'GNAL', 'CALM3']
KEGG_SMALL_CELL_LUNG_CANCER	1	0.1190782383253163	1.6507185697818902	1.0	54.41	['PIAS4', 'PIK3R1', 'LAMC2', 'TRAF4', 'PIK3CD', 'RELA', 'PIAS1', 'SKP2', 'BIRC3', 'LAMC1', 'CDK2', 'ITGA2', 'ITGA6', 'E2F3', 'LAMC3', 'LAMB3', 'CASP9', 'LAMA4', 'PTK2', 'RB1', 'RXRB', 'RXRA', 'MAX', 'PIK3CB', 'LAMA3', 'RARB', 'CCND1', 'PIAS2', 'TRAF1', 'COL4A4', 'AKT2', 'XIAP', 'NFKB1', 'IKBKB', 'TP53', 'TRAF6', 'LAMB2', 'LAMA1', 'COL4A6', 'TRAF3', 'FHIT', 'E2F1', 'BIRC2', 'BCL2', 'LAMA5', 'APAF1', 'AKT3', 'CDK4', 'PIK3CG', 'PIAS3', 'TRAF5', 'BCL2L1', 'TRAF2', 'PIK3R2', 'CDK6', 'ITGA3']
KEGG_GLYCEROPHOSPHOLIPID_METABOLISM	1	0.11530744519827793	1.6915393146766515	1.0	22.72	['PCYT1A', 'ETNK2', 'LYPLA2', 'LPCAT3', 'ADPRM', 'AGPAT1', 'DGKA', 'ETNK1', 'LPCAT2', 'MBOAT1', 'PLD1', 'GPAT4', 'PLA2G4B', 'CDS1', 'CHKA', 'GPD2', 'PGS1', 'PTDSS1', 'CRLS1', 'JMJD7-PLA2G4B', 'AGPAT4', 'LCLAT1', 'DGKH', 'MBOAT2', 'PLD2', 'PLPP2', 'MBOAT7']
KEGG_RNA_POLYMERASE	1	0.11116770698099775	1.6895265785980653	1.0	52.41	['POLR3F', 'POLR1C', 'POLR3B', 'POLR2C', 'POLR2L', 'POLR2E', 'POLR2H', 'POLR3A', 'POLR2J2', 'POLR2B', 'POLR2F', 'POLR1A', 'POLR1E', 'POLR3G', 'POLR3D', 'POLR3H', 'POLR2K', 'POLR2G', 'POLR2A', 'POLR2D', 'POLR1B', 'POLR3C']
KEGG_RENIN_ANGIOTENSIN_SYSTEM	1	0.10809221105798807	-1.6225273475275397	1.0	21.0	['MME', 'CTSG', 'CTSA', 'AGTR1', 'ENPEP', 'CMA1', 'CPA3', 'ACE2']
KEGG_BIOSYNTHESIS_OF_UNSATURATED_FATTY_ACIDS	1	0.10797698532665384	-1.6353436743358123	1.0	55.49	['YOD1', 'SCD', 'ACAA1', 'ELOVL2', 'HADHA', 'ELOVL5', 'HACD1', 'HACD2', 'ACOT2', 'HSD17B12', 'TECR', 'FADS2', 'ELOVL6', 'FADS1', 'ACOT1', 'ACOT4', 'ACOT7', 'ACOX1']
KEGG_JAK_STAT_SIGNALING_PATHWAY	1	0.10751727955177236	-1.629451236368565	1.0	63.39	['SPRY4', 'IL6', 'IL10RA', 'CISH', 'PTPN11', 'STAT5A', 'CCND1', 'TYK2', 'IL13RA1', 'IL12A', 'STAT2', 'LIF', 'IFNAR1', 'IFNG', 'IL15RA', 'TSLP', 'IL2RB', 'IL22RA2', 'CSF2RA', 'JAK2', 'IL11', 'PIK3CA', 'IL12RB2', 'SOCS1', 'IL23A', 'CSF2RB', 'SOCS2', 'CNTFR', 'IL13RA2', 'IL2RG', 'IL2RA', 'OSM', 'IL24', 'LEPR', 'SPRY3', 'STAT6', 'TPO', 'GRB2', 'IL6ST', 'IL10', 'SPRY1', 'PIK3R5', 'IL15', 'CCND3', 'SOCS4', 'SOS1', 'PIK3R3', 'LEP', 'IL20RB', 'CSF3R', 'CNTF', 'PIAS2', 'GHR', 'CBLB', 'STAM', 'EPOR', 'CBL', 'IL6R', 'AKT3', 'STAT4', 'PIK3CG', 'STAT1', 'IFNAR2', 'IL10RB', 'BCL2L1', 'IL21R', 'IRF9', 'CCND2', 'SOCS3', 'IL9R', 'IL20', 'IFNGR2', 'IFNGR1', 'SOS2', 'IL3RA', 'STAT5B', 'CLCF1', 'LIFR', 'IL12RB1', 'EPO', 'PIM1', 'MYC', 'SPRY2', 'JAK1', 'IL22RA1', 'AKT1', 'CTF1']
KEGG_HOMOLOGOUS_RECOMBINATION	1	0.08908400652488811	1.761501385350702	1.0	34.63	['RAD50', 'RAD51C', 'RAD52', 'MUS81', 'POLD3', 'NBN', 'XRCC3', 'RPA2', 'RAD51B', 'TOP3B', 'RPA1', 'RAD54B', 'POLD1', 'MRE11', 'XRCC2', 'BRCA2', 'TOP3A']
KEGG_NON_SMALL_CELL_LUNG_CANCER	1	0.0877521613832853	1.7548649706439603	1.0	39.34	['BRAF', 'NRAS', 'EGF', 'PIK3R1', 'ERBB2', 'PIK3CD', 'CDK6', 'FOXO3', 'RASSF5', 'EGFR', 'E2F3', 'PDPK1', 'CASP9', 'RXRB', 'RXRA', 'PIK3CB', 'MAPK1', 'KRAS', 'PIK3R2', 'AKT2', 'RAF1', 'TP53', 'ARAF', 'STK4', 'FHIT', 'RASSF1', 'CDK4', 'PLCG2', 'RARB', 'TGFA', 'MAP2K1']
KEGG_OXIDATIVE_PHOSPHORYLATION	1	0.0871277939065586	-1.6856873446889185	1.0	57.79	['NDUFS3', 'COX6A1', 'COX17', 'ATP6V0E1', 'NDUFB3', 'PPA1', 'ATP6V0D2', 'NDUFA7', 'CYC1', 'COX4I2', 'SDHC', 'NDUFB8', 'UQCR10', 'COX5A', 'NDUFA11', 'ATP6V1D', 'NDUFS6', 'ATP6V1F', 'ATP6V1B2', 'ATP6V1C1', 'UQCRC1', 'NDUFA5', 'COX7A2L', 'UQCRHL', 'NDUFS8', 'ATP6V0B', 'COX6C', 'UQCRB', 'COX6A2', 'NDUFA8', 'NDUFS4', 'SDHB', 'MT-ND5', 'TCIRG1', 'LHPP', 'COX6B2', 'ATP6V0D1', 'NDUFV1', 'COX7C', 'ATP6V0C', 'UQCRFS1', 'NDUFA4', 'NDUFB10', 'COX10', 'ATP6V0E2', 'NDUFA6', 'NDUFV2', 'NDUFB2', 'NDUFC1', 'NDUFA4L2', 'UQCRH', 'NDUFV3', 'NDUFA9', 'MT-ND6', 'NDUFA10', 'NDUFS1', 'NDUFB7', 'COX4I1', 'NDUFS2', 'NDUFA1', 'MT-ATP8', 'COX5B', 'NDUFB9', 'COX7A2', 'ATP6V1G2', 'UQCRQ', 'ATP6V1C2', 'NDUFB6', 'NDUFS7', 'MT-ND4L', 'MT-CO1', 'NDUFC2', 'NDUFB4', 'NDUFS5', 'ATP6V1E1', 'COX7B', 'ATP6V0A4']
KEGG_TIGHT_JUNCTION	1	0.08647318670566262	1.777192730117999	1.0	52.06	['LLGL2', 'NRAS', 'RRAS2', 'CSNK2A2', 'SPTAN1', 'SRC', 'ACTN4', 'LLGL1', 'ASH1L', 'CLDN8', 'OCLN', 'AFDN', 'EPB41L2', 'YES1', 'CLDN11', 'CDC42', 'MYH14', 'EXOC3', 'PARD6G', 'CRB3', 'TJAP1', 'RAB3B', 'PRKCZ', 'MAGI2', 'PPP2CB', 'MAGI3', 'CLDN4', 'PPP2R1A', 'PATJ', 'PRKCD', 'PPP2R2D', 'CTNNA1', 'VAPA', 'PRKCE', 'PRKCI', 'CSNK2B', 'CLDN7', 'JAM3', 'MAP3K20', 'ACTN1', 'KRAS', 'CLDN1', 'AMOTL1', 'AKT2', 'PPP2R2A', 'EXOC4', 'MYH3', 'CASK', 'CLDN19', 'MAGI1', 'GNAI3', 'CSNK2A1', 'SYMPK', 'MRAS', 'PPP2R1B', 'MYH9', 'CLDN15', 'CTNNB1', 'CGN', 'PARD6B', 'AKT3', 'CTTN', 'CDK4', 'CLDN3', 'ACTG1', 'PRKCH', 'PARD3', 'TJP3', 'RHOA', 'PPP2CA', 'TJP2', 'MYH11']
KEGG_STARCH_AND_SUCROSE_METABOLISM	1	0.06500891729712811	-1.7514979851374977	1.0	57.33	['PYGB', 'UGT2B11', 'UXS1', 'UGT2B28', 'UGT1A4', 'UGT1A5', 'ENPP1', 'UGT1A8', 'PYGL', 'GPI', 'UGDH', 'ENPP3', 'GYS1', 'AMY1A', 'UGT2B17', 'GUSB', 'UGT1A3', 'UGT2B7', 'HK3', 'AMY1C', 'PGM2L1', 'UGT1A9', 'AMY2B', 'UGT2B15', 'HK2', 'AGL', 'TREH', 'MGAM', 'HK1', 'UGT1A10']
KEGG_AXON_GUIDANCE	1	0.06294053998188842	1.8451470007660122	1.0	51.59	['PAK4', 'PLXNA1', 'CDC42', 'PTK2', 'PLXNC1', 'MAPK1', 'CHP1', 'SRGAP3', 'SEMA4C', 'ABL1', 'PPP3CB', 'PLXNA3', 'SEMA4B', 'SEMA4G', 'PLXNB1', 'UNC5B', 'SRGAP1', 'SEMA3A', 'ROCK1', 'ABLIM3', 'SEMA7A', 'SEMA6A', 'SEMA4D', 'GNAI3', 'LIMK1', 'CFL2', 'L1CAM', 'ROBO3', 'SEMA4A', 'EFNA4', 'PAK2', 'EFNB2', 'SEMA3E', 'NTN4', 'SEMA3C', 'LRRC4C', 'PLXNB3', 'RASA1', 'PLXNA2', 'CDK5', 'EPHA4', 'EFNB3', 'EPHB4', 'NCK2', 'UNC5C', 'NRP1', 'RGS3', 'PPP3CA', 'LIMK2', 'NFAT5', 'RHOD', 'NGEF', 'EFNA1', 'PAK3', 'EPHA2', 'RHOA', 'PLXNB2', 'NRAS', 'EPHA1', 'SEMA3F', 'PPP3R1', 'ARHGEF12', 'EPHB6', 'SEMA5A', 'NFATC2', 'SEMA3D', 'KRAS', 'DPYSL2', 'PAK1', 'GSK3B', 'EPHB3', 'CXCR4', 'NFATC3', 'PAK6', 'EPHB1', 'EFNA3', 'FES', 'PAK5']
KEGG_NICOTINATE_AND_NICOTINAMIDE_METABOLISM	1	0.060764171152223934	-1.7693417482838185	1.0	37.19	['NMNAT2', 'CD38', 'NADK', 'ENPP1', 'NT5C3A', 'AOX1', 'BST1', 'NT5E', 'NMNAT3', 'ENPP3', 'NAMPT', 'NT5M', 'PNP', 'QPRT', 'NNMT']
KEGG_LEISHMANIA_INFECTION	1	0.051958657557802795	-1.8194618610868194	1.0	41.53	['HLA-DMB', 'FCGR2A', 'ITGB2', 'HLA-DQA2', 'HLA-DMA', 'HLA-DQA1', 'CR1', 'PTGS2', 'FCGR3B', 'NFKBIA', 'TNF', 'MAPK3', 'MAPK12', 'HLA-DPA1', 'ITGB1', 'NCF2', 'PRKCB', 'IFNGR2', 'MAPK11', 'IFNGR1', 'ITGAM', 'C3', 'HLA-DRB5', 'FCGR3A', 'FCGR2C', 'TLR4', 'HLA-DQB1', 'TGFB1', 'HLA-DRB1', 'NFKBIB', 'FOS', 'IFNG', 'JAK1', 'CYBA', 'NCF1', 'JUN', 'IL10', 'FCGR1A', 'NCF4', 'HLA-DRA']
KEGG_RIBOSOME	1	0.051321540736263854	-1.801284773597696	1.0	73.05	['RPL29', 'RPS24', 'RPL36AL', 'RPS13', 'RPS23', 'RPL36A', 'RPL14', 'RPS25', 'RPS21', 'RPL13', 'RPL8', 'RPL6', 'RPLP0', 'RPS8', 'RPL35A', 'RPL41', 'RPL32', 'RPS15A', 'RPL11', 'RPL31', 'RPLP2', 'RPL34', 'RPL38', 'UBA52', 'RPL27', 'RPS17', 'RPL26L1', 'RPS5', 'RPS2', 'RPL12', 'RPL36', 'RSL24D1', 'RPL28', 'RPS18', 'RPL4', 'RPS26', 'RPS9', 'RPS29', 'RPL37', 'RPL24', 'RPS12', 'RPS6', 'RPL23A', 'RPS3A', 'RPL9', 'RPSA', 'RPL5', 'RPL18', 'RPS15', 'RPL15', 'RPL22', 'RPL21', 'RPS28', 'RPL17', 'RPLP1', 'RPS27A', 'RPL10', 'RPL37A', 'RPS20', 'RPL30', 'RPL39', 'RPS27', 'RPL27A', 'RPL26', 'RPS7', 'RPL18A', 'RPL7', 'RPS10', 'RPL22L1', 'RPS16', 'MRPL13', 'RPL19', 'RSL24D1P11', 'RPS27L', 'RPS11', 'RPL23']
KEGG_ANTIGEN_PROCESSING_AND_PRESENTATION	1	0.05029378707028534	-1.8189622512681332	1.0	28.3	['HLA-DMB', 'HLA-DQA2', 'HLA-DMA', 'HLA-DQA1', 'HLA-A', 'LGMN', 'IFI30', 'CD4', 'HLA-G', 'HLA-F', 'HSPA2', 'HLA-B', 'CIITA', 'HLA-DPA1', 'HSPA1B', 'HSPA1A', 'LTA', 'CTSB', 'CTSL', 'B2M', 'HLA-DRB5', 'HSPA6', 'HLA-DQB1', 'TAP1', 'CTSS', 'HSPA1L', 'HLA-E', 'HLA-C', 'HLA-DRA']
KEGG_HEMATOPOIETIC_CELL_LINEAGE	1	0.04940544157484054	-1.8418422896008624	1.0	15.09	['CSF2RA', 'CD34', 'IL6', 'CR1', 'FCER2', 'CD4', 'CD1D', 'MME', 'CD3G', 'CD1A', 'CD1B', 'MS4A1', 'IL2RA', 'CD38', 'IL3RA', 'IL6R', 'CD1C', 'IL1R2', 'ITGA5', 'TFRC', 'CD55', 'CD19', 'HLA-DRA', 'CD5']
KEGG_CALCIUM_SIGNALING_PATHWAY	1	0.048670048562495793	-1.818489487960404	1.0	45.36	['PTAFR', 'PLCE1', 'P2RX5', 'TNNC2', 'ATP2A2', 'TNNC1', 'PHKB', 'SLC25A4', 'TACR2', 'P2RX2', 'PPP3CC', 'AVPR1A', 'PLCD1', 'PDGFRB', 'PDE1B', 'CACNA1H', 'PRKACB', 'PDE1A', 'GNAQ', 'ADORA2A', 'SLC25A5', 'ITPKB', 'ADORA2B', 'ADCY4', 'CAMK2B', 'RYR1', 'ITPKA', 'HTR2B', 'GNA14', 'GNAS', 'ADCY3', 'PRKCB', 'PTGFR', 'P2RX1', 'PTGER3', 'CYSLTR1', 'SLC25A6', 'CD38', 'HRH2', 'BDKRB1', 'CAMK2G', 'CALM3', 'CALML6', 'ADCY1', 'PLCD3', 'PHKA2', 'PRKCA', 'CYSLTR2', 'SLC8A1', 'ADCY7', 'GRIN2D', 'AGTR1', 'HRH1', 'ADCY2', 'ADRB2', 'EDNRB', 'CAMK2D', 'ADCY9', 'PLCD4', 'PPID', 'CACNA1I', 'PLCG1', 'GNA15', 'NOS3', 'BST1', 'PDGFRA', 'ADRB1', 'CALM2', 'EDNRA', 'BDKRB2', 'ADRA1B', 'TBXA2R', 'TACR1', 'GNAL', 'ATP2A1']
KEGG_STEROID_HORMONE_BIOSYNTHESIS	1	0.048481226458875204	-1.8513056999654116	1.0	33.28	['UGT2B11', 'CYP11A1', 'UGT2B28', 'UGT1A4', 'UGT1A5', 'UGT1A8', 'AKR1C1', 'UGT2B17', 'UGT1A3', 'UGT2B7', 'CYP21A2', 'HSD11B1', 'HSD17B2', 'UGT1A9', 'UGT2B15', 'SRD5A3', 'AKR1C2', 'HSD17B12', 'UGT1A10']
KEGG_NATURAL_KILLER_CELL_MEDIATED_CYTOTOXICITY	1	0.047875082707853026	-1.8406115042029698	1.0	46.71	['ITGB2', 'NFATC1', 'RAC3', 'PIK3R5', 'PIK3CA', 'MICA', 'CD247', 'HLA-A', 'KLRC3', 'PPP3CC', 'CD48', 'SHC3', 'PRF1', 'RAC2', 'HLA-G', 'FCGR3B', 'TNF', 'SOS1', 'PIK3R3', 'TNFRSF10D', 'HLA-B', 'TYROBP', 'MAP2K2', 'MAPK3', 'GZMB', 'HCST', 'PTPN11', 'NFATC4', 'PRKCB', 'IFNGR2', 'ULBP1', 'MICB', 'IFNGR1', 'SOS2', 'SYK', 'RAET1E', 'SHC2', 'KLRC2', 'CD244', 'NCR3', 'FYN', 'SHC1', 'PRKCA', 'TNFRSF10C', 'FCGR3A', 'FASLG', 'ICAM2', 'RAC1', 'ULBP2', 'PLCG1', 'PIK3CG', 'ICAM1', 'IFNAR1', 'LCP2', 'SH2D1A', 'BID', 'IFNG', 'HRAS', 'IFNAR2', 'HLA-E', 'GRB2', 'FCER1G', 'RAET1G', 'HLA-C', 'RAET1L']
KEGG_DRUG_METABOLISM_OTHER_ENZYMES	1	0.03697789556714784	-1.905881526459632	1.0	35.94	['UGT2B11', 'UCKL1', 'IMPDH1', 'CYP2A7', 'UGT2B28', 'NAT2', 'UGT1A4', 'UGT1A5', 'UGT1A8', 'TYMP', 'UPP1', 'UGT2B17', 'GUSB', 'UGT1A3', 'UGT2B7', 'UGT1A9', 'UGT2B15', 'CYP2A6', 'NAT1', 'CES1', 'CDA', 'UGT1A10']
KEGG_ARACHIDONIC_ACID_METABOLISM	1	0.03326785887736491	-1.9373207452165147	1.0	54.31	['GPX1', 'CYP4F3', 'ALOX12', 'HPGDS', 'ALOX5', 'CYP2B6', 'CYP2E1', 'GPX2', 'PTGS2', 'LTC4S', 'CBR1', 'PLA2G3', 'PTGES2', 'AKR1C3', 'GPX7', 'PLA2G12A', 'PTGDS', 'PTGIS', 'ALOX15', 'CBR3', 'CYP2C8', 'PLA2G5', 'ALOX15B', 'GGT1', 'GPX3', 'PLA2G6', 'PTGS1', 'PLA2G10', 'GGT5', 'CYP2U1', 'PLA2G4A', 'TBXAS1', 'PLA2G2A', 'PLA2G2D']
KEGG_ONE_CARBON_POOL_BY_FOLATE	1	0.028136148398915827	1.9867314517737298	1.0	46.43	['MTFMT', 'GART', 'MTR', 'DHFR', 'MTHFD2L', 'MTHFD1', 'AMT', 'SHMT1', 'MTHFD1L', 'ALDH1L1', 'MTHFR', 'TYMS', 'SHMT2', 'MTHFD2']
KEGG_NON_HOMOLOGOUS_END_JOINING	1	0.026345842752000682	2.0087319893456237	1.0	43.57	['XRCC4', 'DCLRE1C', 'RAD50', 'FEN1', 'LIG4', 'PRKDC', 'MRE11', 'POLL', 'XRCC5', 'POLM', 'XRCC6']
KEGG_PARKINSONS_DISEASE	1	0.01928310096068603	-2.040240384412779	1.0	67.36	['NDUFS3', 'COX6B1', 'COX6A1', 'UQCRC2', 'LRRK2', 'NDUFB3', 'UBB', 'NDUFA7', 'SLC25A6', 'CYC1', 'UBE2G2', 'COX4I2', 'PARK7', 'SDHC', 'NDUFB8', 'UQCR10', 'COX5A', 'UBE2L6', 'NDUFS6', 'CASP3', 'UQCRC1', 'NDUFA5', 'CYCS', 'COX7A2L', 'SLC25A4', 'UQCRHL', 'NDUFS8', 'COX6C', 'UQCRB', 'SDHA', 'COX6A2', 'SLC18A2', 'NDUFA8', 'NDUFS4', 'MT-ATP6', 'SDHB', 'NDUFA3', 'MT-ND5', 'NDUFA2', 'COX6B2', 'NDUFV1', 'PPID', 'PINK1', 'COX7C', 'HTRA2', 'SNCA', 'UQCRFS1', 'NDUFA4', 'COX8A', 'SLC25A5', 'NDUFB10', 'SNCAIP', 'VDAC1', 'NDUFA6', 'UBE2J2', 'UCHL1', 'NDUFV2', 'UBE2L3', 'NDUFB2', 'VDAC3', 'NDUFC1', 'NDUFA4L2', 'UQCRH', 'NDUFV3', 'NDUFA9', 'MT-ND6', 'NDUFA10', 'NDUFS1', 'NDUFB7', 'COX4I1', 'NDUFS2', 'GPR37', 'NDUFA1', 'MT-ATP8', 'COX5B', 'NDUFB9', 'COX7A2', 'UQCRQ', 'NDUFB6', 'NDUFS7', 'MT-ND4L', 'MT-CO1', 'NDUFC2', 'NDUFB4', 'NDUFS5', 'UBE2G1', 'VDAC2', 'MT-ND4', 'COX7B']
KEGG_GLYCOSYLPHOSPHATIDYLINOSITOL_GPI_ANCHOR_BIOSYNTHESIS	1	0.018840650687709386	2.0785754883577026	1.0	37.17	['PIGF', 'GPLD1', 'DPM2', 'PIGH', 'PIGA', 'PIGK', 'PIGN', 'PIGO', 'PIGW', 'PIGG', 'PIGB', 'PIGM', 'PIGC', 'PIGL', 'PGAP1', 'PIGY', 'PIGQ', 'PIGU']
KEGG_LYSINE_DEGRADATION	1	0.013478823759187578	2.134105753686322	1.0	49.74	['ACAT1', 'NSD2', 'NSD3', 'PLOD1', 'ASH1L', 'AASDH', 'SETD7', 'AASDHPPT', 'KMT5C', 'KMT5A', 'ALDH7A1', 'DOT1L', 'EHMT1', 'ECHS1', 'BBOX1', 'SETDB1', 'TMLHE', 'SUV39H2', 'KMT5B', 'HADH', 'OGDH', 'AADAT', 'SETD1A', 'NSD1', 'SETD1B', 'SETD2', 'EHHADH', 'ALDH9A1', 'SUV39H1', 'SETMAR', 'ALDH2', 'EHMT2', 'SETDB2']
KEGG_SNARE_INTERACTIONS_IN_VESICULAR_TRANSPORT	1	0.010252509561509702	2.1862835343019507	1.0	43.39	['VAMP1', 'SEC22B', 'SNAP23', 'STX19', 'GOSR1', 'TSNARE1', 'STX17', 'STX3', 'SNAP25', 'BNIP1', 'VAMP2', 'BET1L', 'SNAP47', 'STX7', 'VTI1B', 'STX5', 'STX18', 'STX1A', 'VAMP3', 'VTI1A', 'STX10', 'STX6', 'VAMP8', 'STX2', 'GOSR2', 'VAMP5', 'STX16', 'SNAP29']
KEGG_PROTEASOME	1	0.00826648141447546	-2.175189711055071	1.0	49.57	['PSMA4', 'PSMB3', 'PSMB2', 'PSMB6', 'PSMB8', 'PSMD1', 'PSMB10', 'PSMC5', 'PSMD3', 'POMP', 'PSMC2', 'PSMA2', 'PSMD14', 'PSMD8', 'PSMA3', 'PSMA1', 'PSMB1', 'PSMD7', 'PSMC1', 'PSMA6', 'PSMB5', 'PSMD12', 'PSMC3', 'PSMD13', 'PSMB9', 'PSMC6', 'PSMD11', 'PSMB7', 'SEM1', 'PSMC4', 'PSMB4', 'IFNG', 'PSMF1']
KEGG_GLUTATHIONE_METABOLISM	1	0.00806684870004425	-2.168820960178137	1.0	48.71	['GPX1', 'GSTM2', 'GSTM5', 'GSTM4', 'TXNDC12', 'IDH2', 'PGD', 'GSTO1', 'GSTA1', 'GSTA2', 'GPX2', 'IDH1', 'GSTP1', 'GPX7', 'GSTA3', 'GGCT', 'MGST2', 'MGST1', 'RRM2', 'GSTM3', 'GSTT2', 'GSTA4', 'GCLC', 'GCLM', 'LAP3', 'GPX3', 'G6PD', 'SRM', 'RRM2B', 'GSR', 'GSTK1', 'GSTZ1', 'OPLAH', 'GSTM1', 'ODC1']
KEGG_ASCORBATE_AND_ALDARATE_METABOLISM	1	0.007954067150889841	-2.188603920979962	1.0	26.71	['UGT1A4', 'UGT1A5', 'ALDH1B1', 'UGT1A8', 'UGT2B17', 'UGT2B11', 'ALDH3A2', 'UGT1A9', 'UGT2B15', 'UGT1A3', 'UGT2B28', 'UGT1A10']
KEGG_PYRIMIDINE_METABOLISM	1	0.00788002801008597	2.2439643189850584	1.0	50.17	['PRIM2', 'POLR3F', 'TK1', 'POLR1C', 'POLR3B', 'PRIM1', 'UMPS', 'NME1', 'RRM1', 'POLR2C', 'POLR2L', 'ENTPD5', 'NUDT2', 'POLE4', 'DCK', 'NT5C', 'POLR2E', 'TK2', 'ENTPD1', 'TYMS', 'ENTPD4', 'UCK2', 'PNPT1', 'POLE', 'POLR2H', 'NT5C2', 'CTPS2', 'POLR3A', 'POLR2J2', 'ITPA', 'POLR2B', 'NME3', 'POLR2F', 'POLD3', 'POLR1A', 'POLE2', 'POLA2', 'NME2', 'POLR1E', 'DCTD', 'DUT', 'POLA1', 'POLR3D', 'POLD1', 'NME5', 'POLR3G', 'TXNRD2', 'UCK1', 'POLR3H', 'UPRT', 'AK3', 'POLR2G', 'DTYMK', 'POLR2A', 'POLR2D', 'NME1-NME2', 'CAD', 'CANT1', 'NME7', 'POLR1B', 'POLE3', 'NME6', 'POLR3C', 'ENTPD6']
KEGG_ASTHMA	1	0.007667748666968433	-2.1966720714494543	1.0	31.23	['HLA-DMB', 'MS4A2', 'HLA-DQA2', 'TNF', 'HLA-DMA', 'HLA-DPA1', 'HLA-DQA1', 'HLA-DRB5', 'CD40LG', 'FCER1G', 'FCER1A', 'IL10', 'CD40', 'HLA-DQB1', 'HLA-DRA']
KEGG_SELENOAMINO_ACID_METABOLISM	1	0.007249249184905849	2.287992996127947	1.0	19.87	['HEMK1', 'MAT2B', 'PAPSS1', 'LCMT2', 'GGT7', 'AHCY', 'SCLY', 'MARS2', 'TRMT11', 'METTL6', 'SEPHS1', 'LCMT1', 'GGT6', 'MAT2A']
KEGG_AMINOACYL_TRNA_BIOSYNTHESIS	1	0.006990347428302069	2.2792273344160634	1.0	50.59	['SARS2', 'YARS2', 'PARS2', 'FARSA', 'LARS2', 'EARS2', 'FARSB', 'MARS2', 'WARS2', 'HARS2', 'VARS2', 'MTFMT', 'TARS2', 'NARS2', 'FARS2', 'SEPSECS', 'PSTK', 'DARS2', 'AARS2', 'IARS2']
KEGG_PENTOSE_AND_GLUCURONATE_INTERCONVERSIONS	1	0.006010069395728331	-2.2352138368990295	1.0	25.57	['UGT1A4', 'AKR1B1', 'UGT1A5', 'UGT1A8', 'UGT2B17', 'UGT2B11', 'CRYL1', 'UGT1A9', 'UGT2B15', 'GUSB', 'DCXR', 'UGT1A3', 'UGT2B28', 'UGT1A10']
KEGG_COMPLEMENT_AND_COAGULATION_CASCADES	1	0.004914901194728947	-2.2947616394408294	1.0	30.65	['C4BPB', 'CFH', 'VWF', 'SERPINE1', 'C1R', 'PLAUR', 'C7', 'CR1', 'F5', 'PROS1', 'C5', 'C3AR1', 'C5AR1', 'F7', 'A2M', 'C9', 'SERPING1', 'SERPINA1', 'C8G', 'C1QA', 'C2', 'FGB', 'C3', 'FGG', 'C1QB', 'F13A1', 'BDKRB2', 'CD55', 'C1QC', 'C1S', 'TFPI']
KEGG_NUCLEOTIDE_EXCISION_REPAIR	1	0.004660231618868046	2.3799543879720377	1.0	44.43	['PCNA', 'ERCC6', 'DDB1', 'LIG1', 'RFC4', 'RPA1', 'ERCC1', 'RAD23A', 'RFC5', 'DDB2', 'POLE4', 'GTF2H3', 'RPA2', 'MNAT1', 'POLE', 'CDK7', 'GTF2H1', 'RFC2', 'ERCC2', 'POLD3', 'POLE2', 'POLD1', 'GTF2H4', 'XPC', 'ERCC5', 'RFC1', 'CUL4A', 'CUL4B', 'RAD23B', 'POLE3', 'ERCC3', 'RFC3']
KEGG_BASE_EXCISION_REPAIR	1	0.0034618863454448337	2.4331742356349113	1.0	35.58	['PCNA', 'FEN1', 'XRCC1', 'LIG1', 'UNG', 'APEX2', 'MUTYH', 'PARP2', 'PARP3', 'NEIL1', 'POLD3', 'POLE2', 'TDG', 'POLD1', 'PARP4', 'APEX1', 'NEIL2', 'LIG3', 'POLB', 'MBD4', 'POLE3', 'OGG1', 'POLL', 'PARP1']
KEGG_ADHERENS_JUNCTION	1	0.0027961389713208273	2.486987307457692	1.0	18.26	['SRC', 'NLK', 'ERBB2', 'PTPN1', 'LEF1', 'AFDN', 'PTPRJ', 'ACP1', 'PTPN6', 'BAIAP2', 'CTNND1', 'EGFR', 'WASL', 'TCF7', 'SMAD4', 'CTNNA1', 'NECTIN4', 'EP300', 'IGF1R', 'MAPK1', 'SSX2IP', 'CSNK2A1', 'MAP3K7', 'CDH1', 'IQGAP1', 'CTNNB1', 'FARP2', 'CREBBP', 'ACTG1', 'PARD3', 'NECTIN1']
KEGG_CELL_ADHESION_MOLECULES_CAMS	1	0.00167900351372728	-2.4498504543226955	1.0	23.06	['HLA-DMB', 'CD34', 'VCAN', 'HLA-DQA2', 'SELPLG', 'HLA-DMA', 'CD80', 'HLA-DQA1', 'HLA-A', 'CD40LG', 'NEGR1', 'CNTNAP2', 'PDCD1LG2', 'CD4', 'HLA-G', 'HLA-F', 'PTPRC', 'CTLA4', 'CD58', 'CDH5', 'CLDN10', 'HLA-B', 'SELL', 'CADM3', 'HLA-DPA1', 'MPZ', 'CD40', 'CDH2', 'JAM2', 'CLDN9', 'SELE', 'CD28', 'ITGA8', 'ICOS', 'ESAM', 'MAG', 'PECAM1', 'VCAM1', 'CD86', 'HLA-DRB5', 'SDC2', 'HLA-DQB1', 'PDCD1', 'ICAM2', 'ICAM1', 'CD276', 'CNTNAP1', 'SELP', 'NRCAM', 'HLA-DRA']
KEGG_DNA_REPLICATION	1	0.0016776833827924964	2.5450157704874705	1.0	43.69	['PRIM2', 'PCNA', 'PRIM1', 'RNASEH2A', 'FEN1', 'RFC4', 'LIG1', 'RPA1', 'MCM7', 'RFC5', 'POLE4', 'RNASEH2C', 'RPA2', 'POLE', 'RFC2', 'POLD3', 'POLE2', 'POLA2', 'POLA1', 'MCM3', 'POLD1', 'RFC1', 'MCM4', 'MCM2', 'MCM5', 'POLE3', 'SSBP1', 'RFC3']
KEGG_MISMATCH_REPAIR	1	0.0009320463237736092	2.7039645342899887	1.0	25.27	['RFC5', 'PCNA', 'RFC2', 'RFC1', 'POLD3', 'POLD1', 'RPA2', 'LIG1', 'RFC4', 'MSH2', 'PMS2', 'RPA1', 'MSH6', 'MLH1', 'RFC3', 'MLH3']
KEGG_UBIQUITIN_MEDIATED_PROTEOLYSIS	1	0.0009320463237736091	2.721372111171194	1.0	31.61	['PIAS4', 'UBE2H', 'MAP3K1', 'TRIM32', 'UBE2J1', 'BTRC', 'TRIM37', 'ANAPC4', 'UBA7', 'PIAS1', 'NEDD4L', 'ANAPC10', 'HERC4', 'ANAPC2', 'HUWE1', 'DDB2', 'KLHL13', 'ANAPC7', 'FBXW8', 'UBE4B', 'VHL', 'CUL1', 'UBE2I', 'UBA3', 'WWP2', 'FZR1', 'UBA6', 'SKP1', 'PRPF19', 'MID1', 'UBA1', 'ANAPC1', 'XIAP', 'CUL7', 'CUL3', 'PPIL2', 'HERC2', 'DET1', 'UBE2K', 'UBE2D3', 'UBOX5', 'UBE2Z', 'TRAF6', 'FBXW7', 'SYVN1', 'UBR5', 'UBE4A', 'UBA2', 'UBE2Q1', 'HERC3', 'BIRC2', 'FBXO4', 'UBE3A', 'SIAH1', 'RCHY1', 'CDC23', 'UBE2D2', 'KLHL9', 'CUL4A', 'CUL4B', 'CBLC', 'UBE2O', 'PIAS3', 'ANAPC5', 'FANCL', 'BIRC6', 'FBXO2']
KEGG_INTESTINAL_IMMUNE_NETWORK_FOR_IGA_PRODUCTION	1	0.0008218898318944726	-2.558092401821873	1.0	22.26	['HLA-DMB', 'HLA-DQA2', 'CXCL12', 'HLA-DMA', 'IL15', 'CD80', 'TNFSF13B', 'HLA-DQA1', 'CD40LG', 'IL6', 'HLA-DPA1', 'CD40', 'CD28', 'ICOS', 'CD86', 'HLA-DRB5', 'HLA-DQB1', 'TGFB1', 'CCR10', 'TNFRSF17', 'HLA-DRA']
KEGG_TYPE_I_DIABETES_MELLITUS	1	0.0008013425860971109	-2.5635514780410693	1.0	29.16	['HLA-DMB', 'HLA-DQA2', 'HLA-DMA', 'CD80', 'HLA-DQA1', 'HLA-A', 'PRF1', 'HLA-F', 'HLA-G', 'TNF', 'HLA-B', 'GZMB', 'HLA-DPA1', 'LTA', 'CD28', 'CD86', 'HLA-DRB5', 'HLA-DQB1', 'FASLG', 'IFNG', 'HLA-E', 'HLA-C', 'HLA-DRA']
KEGG_PORPHYRIN_AND_CHLOROPHYLL_METABOLISM	1	0.0007770594774275015	-2.5989372513223965	1.0	25.57	['UGT2B11', 'CP', 'MMAB', 'UGT2B28', 'UGT1A4', 'UGT1A5', 'UGT1A8', 'BLVRA', 'ALAS1', 'BLVRB', 'UGT2B17', 'GUSB', 'UGT1A3', 'HCCS', 'UGT1A9', 'UGT2B15', 'FTH1', 'HMOX1', 'UROD', 'UGT1A10']
KEGG_VIRAL_MYOCARDITIS	1	0.0003205370344388443	-2.743521794238259	1.0	53.15	['HLA-DMB', 'ITGB2', 'CASP8', 'HLA-DQA2', 'RAC3', 'HLA-DMA', 'CYCS', 'CD80', 'EIF4G2', 'HLA-DQA1', 'HLA-A', 'CD40LG', 'PRF1', 'MYH10', 'RAC2', 'LAMA2', 'HLA-F', 'HLA-G', 'MYH14', 'HLA-B', 'ABL2', 'HLA-DPA1', 'EIF4G3', 'CD40', 'CCND1', 'SGCD', 'ITGAL', 'CD28', 'FYN', 'CD86', 'HLA-DOA', 'HLA-DRB5', 'MYH9', 'ABL1', 'SGCA', 'HLA-DQB1', 'MYH11', 'RAC1', 'ACTB', 'HLA-DRB1', 'ICAM1', 'SGCB', 'CAV1', 'BID', 'DMD', 'CD55', 'HLA-E', 'HLA-C', 'HLA-DRA']
KEGG_GRAFT_VERSUS_HOST_DISEASE	1	0.00015263668306611636	-3.0913436500496836	1.0	29.16	['HLA-DMB', 'HLA-DQA2', 'HLA-DMA', 'CD80', 'HLA-DQA1', 'HLA-A', 'IL6', 'PRF1', 'HLA-F', 'HLA-G', 'TNF', 'HLA-B', 'GZMB', 'HLA-DPA1', 'CD28', 'CD86', 'HLA-DRB5', 'HLA-DQB1', 'FASLG', 'IFNG', 'HLA-E', 'HLA-C', 'HLA-DRA']
KEGG_NEUROACTIVE_LIGAND_RECEPTOR_INTERACTION	1	0.0001335570976828518	-3.045943242497324	1.0	48.05	['P2RY2', 'P2RX5', 'NPFFR2', 'TACR2', 'HTR1D', 'FPR3', 'C3AR1', 'PTH1R', 'CNR1', 'PTGFR', 'PTGER3', 'CYSLTR1', 'HRH2', 'BDKRB1', 'CTSG', 'NMUR1', 'CYSLTR2', 'ADRB2', 'EDNRB', 'ADRB1', 'CHRNA10', 'NR3C1', 'CHRNA1', 'GABRD', 'NPY1R', 'S1PR4', 'GIPR', 'ADORA2A', 'C5AR1', 'OPRL1', 'GZMA', 'OPRD1', 'LPAR6', 'P2RX1', 'F2RL3', 'P2RY8', 'LEPR', 'P2RY13', 'HRH1', 'AGTR1', 'THRB', 'GRID1', 'NPY2R', 'CHRNA6', 'GRM4', 'ADRA2B', 'P2RY1', 'KISS1R', 'TACR1', 'PTAFR', 'GRIK1', 'P2RY14', 'GRIA2', 'PTGER4', 'LEP', 'AVPR2', 'GHR', 'GLRB', 'GRIN2D', 'SSTR2', 'PTGER2', 'NPY5R', 'SSTR1', 'GABRB3', 'PTH2R', 'GRIK4', 'FPR1', 'PRSS2', 'ADRA1B', 'TBXA2R', 'GABRE', 'CGA', 'P2RX2', 'MCHR1', 'AVPR1A', 'PTGDR', 'GLRA3', 'P2RY6', 'THRA', 'GRIN3B', 'TSPO', 'ADCYAP1R1', 'ADORA2B', 'HTR2B', 'ADORA1', 'S1PR5', 'ADRA2C', 'CRHR1', 'APLNR', 'S1PR3', 'ADORA3', 'S1PR1', 'ADRA2A', 'EDNRA', 'PTGIR', 'BDKRB2', 'LPAR1']
KEGG_RETINOL_METABOLISM	1	0.00011871742016253494	-2.92356207387882	1.0	48.04	['ADH1B', 'UGT2B11', 'RETSAT', 'CYP26A1', 'CYP2B6', 'RDH16', 'CYP2A7', 'ADH1C', 'RDH5', 'UGT2B28', 'DHRS9', 'UGT1A4', 'UGT1A5', 'UGT1A8', 'UGT2B17', 'UGT1A3', 'UGT2B7', 'ALDH1A2', 'DHRS4', 'CYP2C8', 'ALDH1A1', 'DGAT2', 'UGT1A9', 'UGT2B15', 'RDH10', 'DHRS3', 'CYP2A6', 'DHRS4L2', 'ADH1A', 'ADH5', 'CYP26B1', 'UGT1A10']
KEGG_SPLICEOSOME	1	0.0	4.761561166197915	1.0	39.42	['ACIN1', 'PQBP1', 'CWC15', 'U2AF1', 'SRSF8', 'HNRNPC', 'PPIE', 'SLU7', 'DHX16', 'SF3B1', 'HNRNPM', 'PPIL1', 'PRPF19', 'AQR', 'HNRNPA3', 'U2SURP', 'DHX8', 'PUF60', 'SRSF9', 'DDX39B', 'PRPF40B', 'PRPF38B', 'DDX5', 'XAB2', 'PRPF18', 'PLRG1', 'RBM17', 'SRSF10', 'DHX15', 'SYF2', 'PRPF38A', 'CHERP', 'THOC1', 'PRPF6', 'NCBP1', 'RBM8A', 'SRSF1', 'SRSF3', 'PPIH', 'BCAS2', 'SNRPB', 'SF3A3', 'SF3A2', 'PRPF8', 'MAGOHB', 'LSM7', 'HNRNPA1L2', 'ISY1', 'RBM22', 'PRPF40A', 'PHF5A', 'THOC3', 'SNRPD3', 'CDC5L', 'MAGOH', 'ZMAT2', 'SNRNP200', 'SNRPD2', 'SRSF7', 'CRNKL1', 'TRA2B', 'SRSF5', 'HNRNPA1', 'HNRNPK', 'SNW1', 'SF3B4', 'CDC40', 'SNRPD1', 'SRSF2', 'HNRNPU', 'PRPF4', 'SRSF6', 'DDX23', 'EIF4A3', 'U2AF2', 'SNRPA1', 'WBP11', 'EFTUD2', 'SF3A1', 'TRA2A', 'SF3B3', 'HSPA8', 'SNU13', 'RBMX', 'USP39', 'NCBP2', 'RBM25', 'TCERG1', 'THOC2', 'PRPF3', 'SNRNP40', 'SNRNP70', 'DDX46', 'LSM8', 'SNRPF', 'PRPF31']
KEGG_CYTOKINE_CYTOKINE_RECEPTOR_INTERACTION	1	0.0	-3.877771822044777	1.0	47.83	['CD70', 'VEGFA', 'CCL24', 'CXCL11', 'TNFSF8', 'CCL7', 'TNFSF13B', 'IL6', 'CCR6', 'TNFSF9', 'IL10RA', 'CXCL1', 'VEGFD', 'TNFRSF21', 'CD40', 'XCL2', 'CCL8', 'CCR1', 'KDR', 'CCL3', 'CXCL8', 'TNFRSF25', 'IL13RA1', 'CSF1', 'FASLG', 'TGFB1', 'FLT1', 'LTBR', 'AMH', 'CXCR1', 'CCL5', 'IFNAR1', 'TNFRSF17', 'IFNG', 'IL15RA', 'CCR7', 'TSLP', 'IL18RAP', 'IL2RB', 'IL22RA2', 'CSF2RA', 'IL11', 'PLEKHO2', 'IL12RB2', 'FLT3LG', 'CCL17', 'CSF2RB', 'VEGFC', 'TNFRSF10D', 'TNFSF11', 'CSF1R', 'IL2RG', 'IL2RA', 'LTA', 'OSM', 'IL24', 'CCL2', 'TNFRSF9', 'LEPR', 'MET', 'CCL22', 'GDF5', 'CXCL2', 'TPO', 'CXCL10', 'TNFRSF1A', 'PDGFRA', 'CCR4', 'CCR10', 'CCL26', 'CXCL13', 'IL1R2', 'INHBB', 'BMPR1A', 'IL6ST', 'IL10', 'CCL19', 'BMP2', 'TNFSF14', 'CXCL14', 'CXCL12', 'IL15', 'CCL18', 'CXCR5', 'PDGFRB', 'CCL4', 'CCL13', 'HGF', 'TNF', 'LEP', 'IL20RB', 'CCL20', 'CCR2', 'TNFRSF4', 'FLT3', 'IL18R1', 'CNTF', 'BMP7', 'GHR', 'CCL14', 'TNFRSF10C', 'IL6R', 'CXCL5', 'RELT', 'XCR1', 'TNFSF18', 'TNFSF12', 'IFNAR2', 'TGFBR2', 'EDA', 'BMPR2', 'IL10RB', 'CXCL9', 'TNFRSF13C', 'CCL21', 'CCR8', 'IL21R', 'TNFRSF11B', 'CD40LG', 'TNFRSF8', 'BMPR1B', 'IL9R', 'IL20', 'TNFRSF18', 'CCL23', 'CCL3L3', 'IL1R1', 'IFNGR2', 'IFNGR1', 'IL3RA', 'FLT4', 'LIFR', 'ACVRL1', 'TNFRSF1B', 'IL12RB1', 'EPO', 'KITLG', 'CCL4L2', 'IL18', 'CXCR3', 'TNFRSF6B', 'TNFSF4', 'TGFBR1', 'CTF1']
KEGG_SYSTEMIC_LUPUS_ERYTHEMATOSUS	1	0.0	-3.5662390131693207	1.0	31.23	['HLA-DMB', 'FCGR2A', 'HLA-DQA2', 'HLA-DMA', 'C1R', 'CD80', 'HLA-DQA1', 'CD40LG', 'C7', 'C5', 'FCGR3B', 'TNF', 'HLA-DPA1', 'C9', 'CD40', 'CTSG', 'CD28', 'C8G', 'ACTN2', 'C1QA', 'C2', 'C3', 'CD86', 'HLA-DRB5', 'TRIM21', 'C1QB', 'FCGR2B', 'FCGR3A', 'FCGR2C', 'HLA-DQB1', 'IFNG', 'IL10', 'FCGR1A', 'C1QC', 'C1S', 'HLA-DRA']
KEGG_METABOLISM_OF_XENOBIOTICS_BY_CYTOCHROME_P450	1	0.0	-3.3644600813093333	1.0	48.71	['ALDH3B1', 'GSTM2', 'EPHX1', 'GSTM5', 'GSTM4', 'UGT2B11', 'ADH1B', 'GSTO1', 'CYP2B6', 'GSTA1', 'GSTA2', 'CYP2E1', 'ADH1C', 'UGT2B28', 'UGT1A4', 'UGT1A5', 'GSTP1', 'UGT1A8', 'GSTA3', 'MGST2', 'AKR1C1', 'UGT2B17', 'MGST1', 'UGT1A3', 'UGT2B7', 'GSTM3', 'GSTT2', 'CYP1B1', 'CYP2C8', 'CYP2S1', 'UGT1A9', 'UGT2B15', 'ALDH3A1', 'ADH1A', 'ADH5', 'AKR1C2', 'GSTK1', 'GSTZ1', 'GSTA4', 'DHDH', 'GSTM1', 'UGT1A10']
KEGG_RNA_DEGRADATION	1	0.0	3.3193634887158687	1.0	51.99	['HSPA9', 'CNOT2', 'LSM3', 'ENO3', 'CNOT6L', 'EXOSC3', 'PAPOLG', 'PARN', 'EXOSC7', 'XRN2', 'CNOT7', 'ENO2', 'ENO1', 'MPHOSPH6', 'EXOSC1', 'TTC37', 'XRN1', 'EXOSC10', 'PAPOLA', 'CNOT6', 'PATL1', 'CNOT3', 'DCP1B', 'CNOT1', 'EDC4', 'CNOT4', 'PNPT1', 'HSPD1', 'CNOT10', 'SKIV2L', 'CNOT8', 'CNOT9', 'DCPS', 'EXOSC6', 'LSM7', 'LSM1', 'EXOSC8', 'DCP2', 'DIS3', 'EXOSC4', 'EXOSC5', 'ZCCHC7', 'DCP1A', 'LSM8', 'WDR61', 'EXOSC2', 'EXOSC9', 'EDC3', 'DDX6', 'LSM2']
KEGG_DRUG_METABOLISM_CYTOCHROME_P450	1	0.0	-3.3016299732399834	1.0	48.71	['ALDH3B1', 'GSTM2', 'ADH1B', 'GSTM5', 'GSTM4', 'UGT2B11', 'GSTO1', 'CYP2B6', 'GSTA1', 'GSTA2', 'CYP2A7', 'MAOA', 'CYP2E1', 'ADH1C', 'UGT2B28', 'UGT1A4', 'UGT1A5', 'GSTP1', 'UGT1A8', 'MAOB', 'GSTA3', 'MGST2', 'UGT2B17', 'MGST1', 'UGT1A3', 'UGT2B7', 'GSTM3', 'GSTT2', 'FMO4', 'CYP2D6', 'AOX1', 'CYP2C8', 'FMO3', 'UGT1A9', 'UGT2B15', 'CYP2A6', 'ALDH3A1', 'ADH1A', 'ADH5', 'FMO2', 'GSTK1', 'GSTZ1', 'GSTA4', 'GSTM1', 'UGT1A10']
KEGG_ALLOGRAFT_REJECTION	1	0.0	-3.2623796589982375	1.0	31.23	['HLA-DMB', 'HLA-DQA2', 'HLA-DMA', 'CD80', 'HLA-DQA1', 'HLA-A', 'CD40LG', 'PRF1', 'HLA-F', 'HLA-G', 'TNF', 'HLA-B', 'GZMB', 'HLA-DPA1', 'CD40', 'CD28', 'CD86', 'HLA-DRB5', 'HLA-DQB1', 'FASLG', 'IFNG', 'HLA-E', 'IL10', 'HLA-C', 'HLA-DRA']
KEGG_AUTOIMMUNE_THYROID_DISEASE	1	0.0	-3.219659657186136	1.0	31.8	['HLA-DMB', 'HLA-DQA2', 'CGA', 'HLA-DMA', 'CD80', 'HLA-DQA1', 'HLA-A', 'CD40LG', 'PRF1', 'HLA-F', 'HLA-G', 'CTLA4', 'HLA-B', 'GZMB', 'HLA-DPA1', 'CD40', 'CD28', 'CD86', 'HLA-DRB5', 'HLA-DQB1', 'FASLG', 'HLA-E', 'IL10', 'HLA-C', 'HLA-DRA']
